<?xml version="1.0" encoding="utf-8" standalone="yes"?>

<?xml-stylesheet href="./_c74_ref.xsl" type="text/xsl"?>

<!--This is an automatically generated file. DO NOT EDIT THIS FILE DIRECTLY. Rather, use the _ref.xml files found in the 'edits' folder.-->
<c74object name="zsa.flatness~" module="msp" category="Zsa.descriptors, MSP Analysis">
	<digest>
		Spectral flatness of key frequency bands.
	</digest>
	<description>
		Calculates the energy within frequency bands. For instance, if the <m>freq</m> attribute is set to 250, 500, 1000, 2000, 4000, <o>zsa.flatness~</o> will output the a list of the energies between 0 and 250, 250 and 500, 500 and 1000...
	</description>
	<!--METADATA-->
	<metadatalist>
		<metadata name="author">
			Mikhail Malt &amp; Emmanuel Jourdan
		</metadata>
		<metadata name="tag">
			Sound Descriptors, Analysis, Zsa.descriptors
		</metadata>
	</metadatalist>
	<!--INLETS-->
	<inletlist>
		<inlet id="0" type="INLET_TYPE">
			<digest>
				not connected, you might wanna do something about that;-)
			</digest>
			<description>
				TEXT_HERE
			</description>
		</inlet>
		<inlet id="1" type="INLET_TYPE">
			<digest>
				not connected, you might wanna do something about that;-)
			</digest>
			<description>
				TEXT_HERE
			</description>
		</inlet>
	</inletlist>
	<!--OUTLETS-->
	<outletlist>
		<outlet id="0" type="signal">
			<digest>
				Spectral Flatness
			</digest>
			<description>
				TEXT_HERE
			</description>
		</outlet>
	</outletlist>
	<!--ARGUMENTS-->
	<objarglist>
		<objarg id="0" name="OBJARG_NAME" type="OBJARG_TYPE" optional="0">
			<digest>
				TEXT_HERE
			</digest>
			<description>
				TEXT_HERE
			</description>
		</objarg>
	</objarglist>
	<!--MESSAGES-->
	<methodlist>
		<method name="(mouse)">
			<digest>
				TEXT_HERE
			</digest>
			<description>
				Double-clicking on the object causes the Zsa Descriptors splash screen to appear. You'll find the version number and date there.
			</description>
		</method>
		<method name="signal">
			<arglist />
			<digest>
				TEXT_HERE
			</digest>
			<description>
				If both signal inlets are connected, left signal inlet expects real values and right inlet expects imaginary values. If the left inlet is the only signal connected input, the signal is interpreted as the energy (you need to calculate it using <o>cartopol~</o> or better <o>zsa.energy~</o>).
			</description>
		</method>
	</methodlist>
	<!--ATTRIBUTES-->
	<attributelist>
		<attribute name="freq" get="1" set="1" type="float" size="32">
			<digest>
				Frequencies
			</digest>
			<description>
				List of the key frequency bands (default: 250, 500, 1000, 2000, 4000).
			</description>
			<attributelist>
				<attribute name="label" get="1" set="1" type="symbol" size="1" value="Frequencies" />
			</attributelist>
		</attribute>
	</attributelist>
	<!--EXAMPLE-->
	<examplelist>
		<example caption="" img="" />
	</examplelist>
	<!--SEEALSO-->
	<seealsolist>
		<seealso name="zsa.slope~" />
	</seealsolist>
</c74object>
