<?xml version="1.0" encoding="utf-8" standalone="yes"?>

<?xml-stylesheet href="./_c74_ref.xsl" type="text/xsl"?>

<!--This is an automatically generated file. DO NOT EDIT THIS FILE DIRECTLY. Rather, use the _ref.xml files found in the 'edits' folder.-->
<c74object name="zsa.flux~" module="msp" category="Zsa.descriptors, MSP Analysis">
	<digest>
		Calculates spectral flux (difference of energy between frames).
	</digest>
	<description>
		<o>zsa.flux~</o> calculates the overall difference of energy between FFT frames.
	</description>
	<!--METADATA-->
	<metadatalist>
		<metadata name="author">
			Mikhail Malt &amp; Emmanuel Jourdan
		</metadata>
		<metadata name="tag">
			Sound Descriptors, Analysis, Zsa.descriptors
		</metadata>
	</metadatalist>
	<!--INLETS-->
	<inletlist>
		<inlet id="0" type="INLET_TYPE">
			<digest>
				not connected, you might wanna do something about that;-)
			</digest>
			<description>
				TEXT_HERE
			</description>
		</inlet>
		<inlet id="1" type="INLET_TYPE">
			<digest>
				not connected, you might wanna do something about that;-)
			</digest>
			<description>
				TEXT_HERE
			</description>
		</inlet>
	</inletlist>
	<!--OUTLETS-->
	<outletlist>
		<outlet id="0" type="signal">
			<digest>
				spectral flux
			</digest>
			<description>
				TEXT_HERE
			</description>
		</outlet>
	</outletlist>
	<!--ARGUMENTS-->
	<objarglist>
		<objarg id="0" name="OBJARG_NAME" type="OBJARG_TYPE" optional="0">
			<digest>
				TEXT_HERE
			</digest>
			<description>
				TEXT_HERE
			</description>
		</objarg>
	</objarglist>
	<!--MESSAGES-->
	<methodlist>
		<method name="(mouse)">
			<digest>
				TEXT_HERE
			</digest>
			<description>
				Double-clicking on the object causes the Zsa Descriptors splash screen to appear. You'll find the version number and date there.
			</description>
		</method>
		<method name="signal">
			<arglist />
			<digest>
				TEXT_HERE
			</digest>
			<description>
				If both signal inlets are connected, left signal inlet expects real values and right inlet expects imaginary values. If the left inlet is the only signal connected input, the signal is interpreted as the energy (you need to calculate it using <o>cartopol~</o> or better <o>zsa.energy~</o>).
			</description>
		</method>
	</methodlist>
	<!--ATTRIBUTES-->
	<attributelist>
		<attribute name="frame" get="1" set="1" type="int" size="1">
			<digest>
				Number of Frame(s) Delay
			</digest>
			<description>
				Number of Frame(s) Delay
			</description>
			<attributelist>
				<attribute name="label" get="1" set="1" type="symbol" size="1" value="Number of Frame(s) Delay" />
			</attributelist>
		</attribute>
		<attribute name="mode" get="1" set="1" type="int" size="1">
			<digest>
				Mode
			</digest>
			<description>
				TEXT_HERE
			</description>
			<attributelist>
				<attribute name="enumvals" get="1" set="1" type="atom" size="4">
					<enumlist>
						<enum name="Peeters">
							<digest>
								TEXT_HERE
							</digest>
							<description>
								Based on
								<a href="http://recherche.ircam.fr/anasyn/peeters/ARTICLES/Peeters_2003_cuidadoaudiofeatures.pdf">
									Geoffroy Peeters paper
								</a>
							</description>
						</enum>
						<enum name="Positive">
							<digest>
								TEXT_HERE
							</digest>
							<description>
								Only takes into account positive energy (when the bin's energy increases)
							</description>
						</enum>
						<enum name="Negative">
							<digest>
								TEXT_HERE
							</digest>
							<description>
								Only takes into account negative energy (when the bin's energy decreases)
							</description>
						</enum>
						<enum name="Euclidean">
							<digest>
								TEXT_HERE
							</digest>
							<description>
								Calculates the Euclidean distance between spectral frames.
							</description>
						</enum>
					</enumlist>
				</attribute>
				<attribute name="label" get="1" set="1" type="symbol" size="1" value="Mode" />
				<attribute name="style" get="1" set="1" type="symbol" size="1" value="enumindex" />
			</attributelist>
		</attribute>
	</attributelist>
	<!--EXAMPLE-->
	<examplelist>
		<example caption="" img="" />
	</examplelist>
	<!--SEEALSO-->
	<seealsolist>
		<seealso name="zsa.energy~" />
	</seealsolist>
</c74object>
