<?xml version="1.0" encoding="utf-8" standalone="yes"?>

<?xml-stylesheet href="./_c74_ref.xsl" type="text/xsl"?>

<!--This is an automatically generated file. DO NOT EDIT THIS FILE DIRECTLY. Rather, use the _ref.xml files found in the 'edits' folder.-->
<c74object name="zsa.roughness" module="max" category="Zsa.descriptors, MSP Analysis">
	<digest>
		Calculate roughness of partials.
	</digest>
	<description>
		TEXT_HERE
	</description>
	<!--METADATA-->
	<metadatalist>
		<metadata name="author">
			Cycling '74
		</metadata>
		<metadata name="tag">
			TEXT_HERE
		</metadata>
	</metadatalist>
	<!--INLETS-->
	<inletlist>
		<inlet id="0" type="list">
			<digest>
				Frequency Amplitudes Pairs
			</digest>
			<description>
				TEXT_HERE
			</description>
		</inlet>
		<inlet id="1" type="list">
			<digest>
				Frequency Amplitudes Pairs
			</digest>
			<description>
				TEXT_HERE
			</description>
		</inlet>
	</inletlist>
	<!--OUTLETS-->
	<outletlist>
		<outlet id="0" type="OUTLET_TYPE">
			<digest>
				Roughness Out
			</digest>
			<description>
				TEXT_HERE
			</description>
		</outlet>
	</outletlist>
	<!--ARGUMENTS-->
	<objarglist>
		<objarg id="0" name="OBJARG_NAME" type="OBJARG_TYPE" optional="0">
			<digest>
				TEXT_HERE
			</digest>
			<description>
				TEXT_HERE
			</description>
		</objarg>
	</objarglist>
	<!--MESSAGES-->
	<methodlist>
		<method name="list">
			<arglist>
				<arg name="ARG_NAME_0" type="list" optional="0" />
			</arglist>
			<digest>
				list of pairs {Frequency, Amplitude}.
			</digest>
			<description>
				A list of pairs {Frequency, Amplitude} will trigger the computation of the roughness.
			</description>
		</method>
		<method name="(mouse)">
			<digest>
				TEXT_HERE
			</digest>
			<description>
				Double-clicking on the object causes the Zsa Descriptors splash screen to appear. You'll find the version number and date there.
			</description>
		</method>
	</methodlist>
	<!--ATTRIBUTES-->
	<attributelist>
		<attribute name="mode" get="1" set="1" type="int" size="1">
			<digest>
				Calculation mode
			</digest>
			<description>
				Set the calculation mode for the roughness.
			</description>
			<attributelist>
				<attribute name="enumvals" get="1" set="1" type="atom" size="2">
					<enumlist>
						<enum name="Vassilakis">
							<digest>
								TEXT_HERE
							</digest>
							<description>
								Algorithm of Vassilakis.
							</description>
						</enum>
						<enum name="Prestnitzer&amp;co">
							<digest>
								TEXT_HERE
							</digest>
							<description>
								Algorithm of Pressnitzer, Stephen McAdams, Suzanne Winsberg and Joshua Fineberg.
							</description>
						</enum>
					</enumlist>
				</attribute>
				<attribute name="label" get="1" set="1" type="symbol" size="1" value="Mode" />
				<attribute name="style" get="1" set="1" type="symbol" size="1" value="enumindex" />
			</attributelist>
		</attribute>
	</attributelist>
	<!--EXAMPLE-->
	<examplelist>
		<example caption="" img="" />
	</examplelist>
	<!--SEEALSO-->
	<seealsolist>
		<seealso name="zsa.freqpeak~" />
	</seealsolist>
</c74object>
