<?xml version="1.0" encoding="utf-8" standalone="yes"?>

<?xml-stylesheet href="./_c74_ref.xsl" type="text/xsl"?>

<!--This is an automatically generated file. DO NOT EDIT THIS FILE DIRECTLY. Rather, use the _ref.xml files found in the 'edits' folder.-->
<c74object name="zsa.dist" module="max" category="Zsa.descriptors, Math, Lists">
	<digest>
		Find the closest list.
	</digest>
	<description>
		Calculates distance between lists and output the closest.
	</description>
	<!--METADATA-->
	<metadatalist>
		<metadata name="author">
			Mikhail Malt &amp; Emmanuel Jourdan
		</metadata>
		<metadata name="tag">
			Sound Descriptors, Analysis, Zsa.descriptors
		</metadata>
	</metadatalist>
	<!--INLETS-->
	<inletlist>
		<inlet id="0" type="list">
			<digest>
				Input List
			</digest>
			<description>
				TEXT_HERE
			</description>
		</inlet>
		<inlet id="1" type="anything">
			<digest>
				{Key, Values to Be Compared}
			</digest>
			<description>
				TEXT_HERE
			</description>
		</inlet>
	</inletlist>
	<!--OUTLETS-->
	<outletlist>
		<outlet id="0" type="int/symbol">
			<digest>
				Key or Values of the Closest List (depending on the <m>outputmode</m> attribute)
			</digest>
			<description>
				TEXT_HERE
			</description>
		</outlet>
		<outlet id="1" type="inactive">
			<digest>
				Distances (when <m>output_distances</m> attribute is set)
			</digest>
			<description>
				TEXT_HERE
			</description>
		</outlet>
		<outlet id="2" type="inactive">
			<digest>
				dumpout
			</digest>
			<description>
				TEXT_HERE
			</description>
		</outlet>
	</outletlist>
	<!--ARGUMENTS-->
	<objarglist>
		<objarg id="0" name="OBJARG_NAME" type="OBJARG_TYPE" optional="0">
			<digest>
				TEXT_HERE
			</digest>
			<description>
				TEXT_HERE
			</description>
		</objarg>
	</objarglist>
	<!--MESSAGES-->
	<methodlist>
		<method name="list">
			<arglist>
				<arg name="Values" type="list" optional="0" />
			</arglist>
			<digest>
				Calculate the distance, or store a new list.
			</digest>
			<description>
				In the left inlet: calculates the distance between the incoming list and those stored in <o>zsa.dist</o> memory, and output the index of the closest (based on the <m>mode</m> attribute) out the left outlet, and the list of all the distances out the middle outlet.
				<br />
				In the right inlet: stores the values at the specified index (the first element of the list is the index).
			</description>
		</method>
		<method name="anything">
			<arglist>
				<arg name="Key Values" type="list" optional="0" />
			</arglist>
			<digest>
				Store a list with a specific key.
			</digest>
			<description>
				In the right inlet: stores the values at the specified index (the first symbol of the message becomes the key).
			</description>
		</method>
		<method name="(mouse)">
			<digest>
				TEXT_HERE
			</digest>
			<description>
				Double-clicking on the object causes the Zsa Descriptors splash screen to appear. You'll find the version number and date there.
			</description>
		</method>
		<method name="clear">
			<arglist />
			<digest>
				Erases everything from <o>zsa.dist</o> memory.
			</digest>
			<description>
				Erases everything from <o>zsa.dist</o> memory.
			</description>
		</method>
		<method name="getkeys">
			<arglist />
			<digest>
				Outputs the keys out the <m>dumpout</m> outlet.
			</digest>
			<description>
				Outputs the keys out the <m>dumpout</m> outlet.
			</description>
		</method>
		<method name="read">
			<arglist>
				<arg name="filename" type="symbol" optional="1" />
			</arglist>
			<digest>
				Read a JSON file.
			</digest>
			<description>
				The word <m>read</m> with no arguments puts up a standard Open Document dialog box for choosing a file to load into <o>zsa.dist</o>. If read is followed by a symbol filename argument, the named JSON file is located and loaded into <o>zsa.dist</o>.
			</description>
		</method>
		<method name="weights">
			<arglist>
				<arg id="0" name="Values" type="list" optional="0" />
			</arglist>
			<digest>
				Sets the weights.
			</digest>
			<description>
				Stores the weights values. You need to turn the <m>useweights</m> attribute on in order to use the weights values.
			</description>
		</method>
		<method name="write">
			<arglist>
				<arg name="filename" type="symbol" optional="1" />
			</arglist>
			<digest>
				Write <o>zsa.dist</o> content to a JSON file.
			</digest>
			<description>
				Calls up the standard Save As dialog box, enabling the user to save the contents of <o>zsa.dist</o> as a separate JSON file. If the word <m>write</m> is followed by a symbol, the contents of the <o>zsa.dist</o> are saved immediately in a file, using the symbol as the filename.
			</description>
		</method>
	</methodlist>
	<!--ATTRIBUTES-->
	<attributelist>
		<attribute name="append" get="1" set="1" type="int" size="1">
			<digest>
				Append Mode
			</digest>
			<description>
				When <m>append</m> is set, the list/message received at the right inlet is added to the <o>zsa.dist</o> memory without checking if the key already exists. This is useful to improve the performances when you store a lot of elements in <o>zsa.dist</o>.
			</description>
			<attributelist>
				<attribute name="label" get="1" set="1" type="symbol" size="1" value="Append Mode" />
				<attribute name="style" get="1" set="1" type="symbol" size="1" value="onoff" />
			</attributelist>
		</attribute>
		<attribute name="mode" get="1" set="1" type="int" size="1">
			<digest>
				Distance Type
			</digest>
			<description>
				Sets the type of distance to calculate.
			</description>
			<attributelist>
				<attribute name="default" get="1" set="1" type="int" size="1" value="0" />
				<attribute name="enumvals" get="1" set="1" type="atom" size="5">
					<enumlist>
						<enum name="Euclidian">
							<digest>
								TEXT_HERE
							</digest>
							<description>
								TEXT_HERE
							</description>
						</enum>
						<enum name="Minkowsky">
							<digest>
								TEXT_HERE
							</digest>
							<description>
								TEXT_HERE
							</description>
						</enum>
						<enum name="Cosine">
							<digest>
								TEXT_HERE
							</digest>
							<description>
								TEXT_HERE
							</description>
						</enum>
						<enum name="Covariance">
							<digest>
								TEXT_HERE
							</digest>
							<description>
								TEXT_HERE
							</description>
						</enum>
						<enum name="Kullback-Liebler">
							<digest>
								TEXT_HERE
							</digest>
							<description>
								TEXT_HERE
							</description>
						</enum>
					</enumlist>
				</attribute>
				<attribute name="label" get="1" set="1" type="symbol" size="1" value="Distance Type" />
				<attribute name="style" get="1" set="1" type="symbol" size="1" value="enumindex" />
			</attributelist>
		</attribute>
		<attribute name="order" get="1" set="1" type="int" size="1">
			<digest>
				Minkowsky Order
			</digest>
			<description>
				When  the <m>mode</m> attribute is set to <m>Minkowsky</m>, it defines the
				<a href="http://en.wikipedia.org/wiki/Minkowski_distance">
					order
				</a>
				of the distance calculation.
			</description>
			<attributelist>
				<attribute name="default" get="1" set="1" type="int" size="1" value="2" />
				<attribute name="label" get="1" set="1" type="symbol" size="1" value="Minkowsky Order" />
			</attributelist>
		</attribute>
		<attribute name="output_distances" get="1" set="1" type="int" size="1">
			<digest>
				Output Distances
			</digest>
			<description>
				When the <m>output_distances</m> attribute is set to 1, the normalized distances will be sent out the middle outlet. If you do not need the distances you can leave the attribute to 0, it will be more efficient.
			</description>
			<attributelist>
				<attribute name="default" get="1" set="1" type="int" size="1" value="1" />
				<attribute name="label" get="1" set="1" type="symbol" size="1" value="Output Distances" />
				<attribute name="style" get="1" set="1" type="symbol" size="1" value="onoff" />
			</attributelist>
		</attribute>
		<attribute name="outputmode" get="1" set="1" type="int" size="1">
			<digest>
				Output Mode (Left Outlet)
			</digest>
			<description>
				Outputmode attribute allows you to define the format of the data which will be sent out the leftmost outlet.
			</description>
			<attributelist>
				<attribute name="default" get="1" set="1" type="int" size="1" value="0" />
				<attribute name="enumvals" get="1" set="1" type="atom" size="2">
					<enumlist>
						<enum name="Key">
							<digest>
								TEXT_HERE
							</digest>
							<description>
								TEXT_HERE
							</description>
						</enum>
						<enum name="Values">
							<digest>
								TEXT_HERE
							</digest>
							<description>
								TEXT_HERE
							</description>
						</enum>
					</enumlist>
				</attribute>
				<attribute name="label" get="1" set="1" type="symbol" size="1" value="Output Mode (Left Outlet)" />
				<attribute name="style" get="1" set="1" type="symbol" size="1" value="enumindex" />
			</attributelist>
		</attribute>
		<attribute name="quiet" get="1" set="1" type="int" size="1">
			<digest>
				Quiet Mode
			</digest>
			<description>
				When the <m>quiet</m> attribute is set, the keys are not automatically sent out the outlet when a new list/message is added to <o>zsa.dist</o>.
			</description>
			<attributelist>
				<attribute name="label" get="1" set="1" type="symbol" size="1" value="Quiet Mode" />
				<attribute name="style" get="1" set="1" type="symbol" size="1" value="onoff" />
			</attributelist>
		</attribute>
		<attribute name="useweights" get="1" set="1" type="int" size="1">
			<digest>
				Use Weights
			</digest>
			<description>
				When the <m>useweights</m> attribute is set to 1, the calculation will be done according to the weights to give more importance to certain values.
			</description>
			<attributelist>
				<attribute name="default" get="1" set="1" type="int" size="1" value="0" />
				<attribute name="label" get="1" set="1" type="symbol" size="1" value="Use Weights" />
				<attribute name="style" get="1" set="1" type="symbol" size="1" value="onoff" />
			</attributelist>
		</attribute>
	</attributelist>
	<!--EXAMPLE-->
	<examplelist>
		<example caption="" img="" />
	</examplelist>
	<!--SEEALSO-->
	<seealsolist>
		<seealso name="vexpr" />
	</seealsolist>
</c74object>
