<?xml version="1.0" encoding="utf-8" standalone="yes"?>

<?xml-stylesheet href="./_c74_ref.xsl" type="text/xsl"?>

<!--This is an automatically generated file. DO NOT EDIT THIS FILE DIRECTLY. Rather, use the _ref.xml files found in the 'edits' folder.-->
<c74object name="zsa.virtfund" module="max" category="Zsa.descriptors, MSP Analysis">
	<digest>
		Tries to calculate the virtual fundamental.
	</digest>
	<description>
		The algorithm is quite simplistic recursive algorithm. It might be very inefficient, so you might want to play with the <m>max_iterations</m> attribute to change the maximum number of iterations.
	</description>
	<!--METADATA-->
	<metadatalist>
		<metadata name="author">
			Mikhail Malt &amp; Emmanuel Jourdan
		</metadata>
		<metadata name="tag">
			Sound Descriptors, Analysis, Zsa.descriptors
		</metadata>
	</metadatalist>
	<!--INLETS-->
	<inletlist>
		<inlet id="0" type="list">
			<digest>
				Frequencies
			</digest>
			<description>
				List of frequencies.
			</description>
		</inlet>
		<inlet id="1" type="list">
			<digest>
				Frequencies
			</digest>
			<description>
				TEXT_HERE
			</description>
		</inlet>
	</inletlist>
	<!--OUTLETS-->
	<outletlist>
		<outlet id="0" type="OUTLET_TYPE">
			<digest>
				Virtual Fundamental Frequency Estimation
			</digest>
			<description>
				Outputs the estimated virtual fundamental frequency.
			</description>
		</outlet>
		<outlet id="1" type="OUTLET_TYPE">
			<digest>
				Calulation Time
			</digest>
			<description>
				Outputs the time elapsed to compute the virtual fundamental frequency estimation.
			</description>
		</outlet>
	</outletlist>
	<!--ARGUMENTS-->
	<objarglist>
		<objarg id="0" name="OBJARG_NAME" type="OBJARG_TYPE" optional="0">
			<digest>
				TEXT_HERE
			</digest>
			<description>
				TEXT_HERE
			</description>
		</objarg>
	</objarglist>
	<!--MESSAGES-->
	<methodlist>
		<method name="list">
			<arglist>
				<arg name="frequencies" type="list" optional="0" />
			</arglist>
			<digest>
				List of frequencies to analyze.
			</digest>
			<description>
				List of frequencies to analyze.
			</description>
		</method>
		<method name="(mouse)">
			<digest>
				TEXT_HERE
			</digest>
			<description>
				Double-clicking on the object causes the Zsa Descriptors splash screen to appear. You'll find the version number and date there.
			</description>
		</method>
	</methodlist>
	<!--ATTRIBUTES-->
	<attributelist>
		<attribute name="gridratio" get="1" set="1" type="float" size="1">
			<digest>
				Grid Ratio
			</digest>
			<description>
				Sets the approximation around each frequency.
			</description>
			<attributelist>
				<attribute name="label" get="1" set="1" type="symbol" size="1" value="Grid Ratio" />
			</attributelist>
		</attribute>
		<attribute name="max_iterations" get="1" set="1" type="atom_long" size="1">
			<digest>
				Maximum Number of Iterations
			</digest>
			<description>
				Defines the maximum number of iterations. You might play with this to make sure that the object computes fast enough with strange frequencies lists.
			</description>
			<attributelist>
				<attribute name="label" get="1" set="1" type="symbol" size="1" value="Maximum Number of Iterations" />
			</attributelist>
		</attribute>
		<attribute name="quiet" get="1" set="1" type="int" size="1">
			<digest>
				Quiet Mode
			</digest>
			<description>
				When the <m>quiet</m> mode is set, the warnings won't be printed in the Max window if the number of iterations is not sufficient to calculate the virtual fundamental.
			</description>
			<attributelist>
				<attribute name="label" get="1" set="1" type="symbol" size="1" value="Quiet Mode" />
				<attribute name="style" get="1" set="1" type="symbol" size="1" value="onoff" />
			</attributelist>
		</attribute>
	</attributelist>
	<!--EXAMPLE-->
	<examplelist>
		<example caption="" img="" />
	</examplelist>
	<!--SEEALSO-->
	<seealsolist>
		<seealso name="zsa.freqpeak~" />
	</seealsolist>
</c74object>
