<?xml version="1.0" encoding="utf-8" standalone="yes"?>

<?xml-stylesheet href="./_c74_ref.xsl" type="text/xsl"?>

<!--This is an automatically generated file. DO NOT EDIT THIS FILE DIRECTLY. Rather, use the _ref.xml files found in the 'edits' folder.-->
<c74object name="zsa.ampstats~" module="msp" category="Zsa.descriptors, MSP Analysis">
	<digest>
		Report min/mean/max/sum of a signal vector or a FFT frame.
	</digest>
	<description>
		<o>zsa.ampstats~</o> reports basic statistics for every signal vector. When used in the <o>pfft~</o> context, the vector is the window size so you can use <o>zsa.ampstats~</o> to find the minimum, mean, maximum or the sum of the amplitude for instance.
	</description>
	<!--METADATA-->
	<metadatalist>
		<metadata name="author">
			Mikhail Malt &amp; Emmanuel Jourdan
		</metadata>
		<metadata name="tag">
			Sound Descriptors, Analysis, Zsa.descriptors
		</metadata>
	</metadatalist>
	<!--INLETS-->
	<inletlist>
		<inlet id="0" type="INLET_TYPE">
			<digest>
				not connected, you might wanna do something about that;-)
			</digest>
			<description>
				TEXT_HERE
			</description>
		</inlet>
		<inlet id="1" type="INLET_TYPE">
			<digest>
				not connected, connect only to the imaginary part in pfft~ (optional)
			</digest>
			<description>
				TEXT_HERE
			</description>
		</inlet>
	</inletlist>
	<!--OUTLETS-->
	<outletlist>
		<outlet id="0" type="signal">
			<digest>
				Minimum Amplitude of the Frame
			</digest>
			<description>
				TEXT_HERE
			</description>
		</outlet>
		<outlet id="1" type="signal">
			<digest>
				Mean Amplitude of the Frame
			</digest>
			<description>
				TEXT_HERE
			</description>
		</outlet>
		<outlet id="2" type="signal">
			<digest>
				Maximum Amplitude of the Frame
			</digest>
			<description>
				TEXT_HERE
			</description>
		</outlet>
		<outlet id="3" type="signal">
			<digest>
				Sum Amplitude of the Frame
			</digest>
			<description>
				TEXT_HERE
			</description>
		</outlet>
	</outletlist>
	<!--ARGUMENTS-->
	<objarglist>
		<objarg id="0" name="OBJARG_NAME" type="OBJARG_TYPE" optional="0">
			<digest>
				TEXT_HERE
			</digest>
			<description>
				TEXT_HERE
			</description>
		</objarg>
	</objarglist>
	<!--MESSAGES-->
	<methodlist>
		<method name="(mouse)">
			<digest>
				TEXT_HERE
			</digest>
			<description>
				Double-clicking on the object causes the Zsa Descriptors splash screen to appear. You'll find the version number and date there.
			</description>
		</method>
		<method name="signal">
			<arglist />
			<digest>
				TEXT_HERE
			</digest>
			<description>
				Signal to be analysed. If both inlets are connected, <o>zsa.ampstats~</o> expect the left channel to be Real and the right channel to be the Imaginary.
			</description>
		</method>
	</methodlist>
	<!--ATTRIBUTES-->
	<attributelist />
	<!--EXAMPLE-->
	<examplelist>
		<example img="" />
	</examplelist>
	<!--SEEALSO-->
	<seealsolist>
		<seealso name="minmax~" />
		<seealso name="avg~" />
		<seealso name="average~" />
	</seealsolist>
</c74object>
