<?xml version="1.0" encoding="utf-8" standalone="yes"?>

<?xml-stylesheet href="./_c74_ref.xsl" type="text/xsl"?>

<!--This is an automatically generated file. DO NOT EDIT THIS FILE DIRECTLY. Rather, use the _ref.xml files found in the 'edits' folder.-->
<c74object name="zsa.freqpeak~" module="msp" category="Zsa.descriptors, MSP Analysis">
	<digest>
		Extract a list of pairs Frequency / Amplitude peaks by FFT frame.
	</digest>
	<description>
		<o>zsa.freqpeak~</o> is based on the widely known method defined by Serra and Smith III (see X. Serra, J. O. Smith III &quot;Spectral modeling synthesis: A sound analysis/synthesis system based on a deterministic plus stochastic decomposition&quot;, Computer Music Journal (1990) vol. 14 (4) pp. 12-24) where a peak is defined as a local maximum in the real magnitude spectrum. The object works in the spectral domain, so you need to use it whithin <o>pfft~</o>.
	</description>
	<!--METADATA-->
	<metadatalist>
		<metadata name="author">
			Mikhail Malt &amp; Emmanuel Jourdan
		</metadata>
		<metadata name="tag">
			Sound Descriptors, Analysis, Zsa.descriptors
		</metadata>
	</metadatalist>
	<!--INLETS-->
	<inletlist>
		<inlet id="0" type="INLET_TYPE">
			<digest>
				not connected, you might wanna do something about that;-)
			</digest>
			<description>
				TEXT_HERE
			</description>
		</inlet>
		<inlet id="1" type="INLET_TYPE">
			<digest>
				not connected, you might wanna do something about that;-)
			</digest>
			<description>
				TEXT_HERE
			</description>
		</inlet>
	</inletlist>
	<!--OUTLETS-->
	<outletlist>
		<outlet id="0" type="list">
			<digest>
				Freq1 Amp1 Freq2 Amp2...
			</digest>
			<description>
				TEXT_HERE
			</description>
		</outlet>
	</outletlist>
	<!--ARGUMENTS-->
	<objarglist>
		<objarg id="0" name="OBJARG_NAME" type="OBJARG_TYPE" optional="0">
			<digest>
				TEXT_HERE
			</digest>
			<description>
				TEXT_HERE
			</description>
		</objarg>
	</objarglist>
	<!--MESSAGES-->
	<methodlist>
		<method name="bang">
			<arglist />
			<digest>
				Send a bang to output the list of frequencies and amplitudes.
			</digest>
			<description>
				Send a bang to output the list of frequencies and amplitudes.
			</description>
		</method>
		<method name="(mouse)">
			<digest>
				TEXT_HERE
			</digest>
			<description>
				Double-clicking on the object causes the Zsa Descriptors splash screen to appear. You'll find the version number and date there.
			</description>
		</method>
		<method name="signal">
			<arglist />
			<digest>
				TEXT_HERE
			</digest>
			<description>
				If both signal inlets are connected, left signal inlet expects real values and right inlet expects imaginary values. If the left inlet is the only signal connected input, the signal is interpreted as the energy (you need to calculate it using <o>cartopol~</o> or better <o>zsa.energy~</o>).
			</description>
		</method>
	</methodlist>
	<!--ATTRIBUTES-->
	<attributelist>
		<attribute name="autolength" get="1" set="1" type="int" size="1">
			<digest>
				Adapt Output List Length Automatically
			</digest>
			<description>
				When <m>autolength</m> attribute is set, the size of the list sent out the outlet depends on the number of peaks found in each analysis window, if <m>autolength</m> is set to 0, the list is filled by zeroes to complete the number of items (defined by the <m>peaks</m> attribute).
			</description>
			<attributelist>
				<attribute name="label" get="1" set="1" type="symbol" size="1" value="Adapt Output List Length Automatically" />
				<attribute name="style" get="1" set="1" type="symbol" size="1" value="onoff" />
			</attributelist>
		</attribute>
		<attribute name="automatic" get="1" set="1" type="int" size="1">
			<digest>
				Automatic Output
			</digest>
			<description>
				Turns the automatic output of the lists on and off.
			</description>
			<attributelist>
				<attribute name="default" get="1" set="1" type="int" size="1" value="1" />
				<attribute name="label" get="1" set="1" type="symbol" size="1" value="Automatic Output" />
				<attribute name="style" get="1" set="1" type="symbol" size="1" value="onoff" />
			</attributelist>
		</attribute>
		<attribute name="peaks" get="1" set="1" type="int" size="1">
			<digest>
				Number of Peaks
			</digest>
			<description>
				Specifies the number of loudest peaks returned by <o>zsa.freqpeaks~</o>.
			</description>
			<attributelist>
				<attribute name="label" get="1" set="1" type="symbol" size="1" value="Number of Peaks" />
			</attributelist>
		</attribute>
		<attribute name="threshold" get="1" set="1" type="float" size="1">
			<digest>
				Noise Threshold
			</digest>
			<description>
				Noise threshold in linear scale (the default value is 0.01). It helps <o>zsa.freqpeak~</o> to eliminate frequencies which have a very low amplitude.
			</description>
			<attributelist>
				<attribute name="label" get="1" set="1" type="symbol" size="1" value="Noise Threshold" />
			</attributelist>
		</attribute>
	</attributelist>
	<!--EXAMPLE-->
	<examplelist>
		<example caption="" img="" />
	</examplelist>
	<!--SEEALSO-->
	<seealsolist>
		<seealso name="zsa.energy~" />
	</seealsolist>
</c74object>
