<?xml version="1.0" encoding="utf-8" standalone="yes"?>

<?xml-stylesheet href="./_c74_ref.xsl" type="text/xsl"?>

<!--This is an automatically generated file. DO NOT EDIT THIS FILE DIRECTLY. Rather, use the _ref.xml files found in the 'edits' folder.-->
<c74object name="zsa.decrease" module="max" category="Zsa.descriptors, Math">
	<digest>
		Decrease reports the amount of spectral magnitude decreasing.
	</digest>
	<description>
		<o>zsa.decrease</o> calculates the decrease of any incoming list. You might want to use it with something like bark or mel coefficients for instance.
	</description>
	<!--METADATA-->
	<metadatalist>
		<metadata name="author">
			Mikhail Malt &amp; Emmanuel Jourdan
		</metadata>
		<metadata name="tag">
			Sound Descriptors, Analysis, Zsa.descriptors
		</metadata>
	</metadatalist>
	<!--INLETS-->
	<inletlist>
		<inlet id="0" type="list">
			<digest>
				List of Amplitudes
			</digest>
			<description>
				TEXT_HERE
			</description>
		</inlet>
		<inlet id="1" type="list">
			<digest>
				List of Amplitudes
			</digest>
			<description>
				TEXT_HERE
			</description>
		</inlet>
	</inletlist>
	<!--OUTLETS-->
	<outletlist>
		<outlet id="0" type="OUTLET_TYPE">
			<digest>
				Decrease Factor
			</digest>
			<description>
				TEXT_HERE
			</description>
		</outlet>
	</outletlist>
	<!--ARGUMENTS-->
	<objarglist>
		<objarg id="0" name="OBJARG_NAME" type="OBJARG_TYPE" optional="0">
			<digest>
				TEXT_HERE
			</digest>
			<description>
				TEXT_HERE
			</description>
		</objarg>
	</objarglist>
	<!--MESSAGES-->
	<methodlist>
		<method name="list">
			<arglist>
				<arg name="Values" type="list" optional="0" />
			</arglist>
			<digest>
				Values to be analysed.
			</digest>
			<description>
				Values to be analysed.
			</description>
		</method>
		<method name="(mouse)">
			<digest>
				TEXT_HERE
			</digest>
			<description>
				Double-clicking on the object causes the Zsa Descriptors splash screen to appear. You'll find the version number and date there.
			</description>
		</method>
	</methodlist>
	<!--ATTRIBUTES-->
	<attributelist />
	<!--EXAMPLE-->
	<examplelist>
		<example caption="" img="" />
	</examplelist>
	<!--SEEALSO-->
	<seealsolist>
		<seealso name="zsa.decrease~" />
	</seealsolist>
</c74object>
