<?xml version="1.0" encoding="utf-8" standalone="yes"?>

<?xml-stylesheet href="./_c74_ref.xsl" type="text/xsl"?>

<!--This is an automatically generated file. DO NOT EDIT THIS FILE DIRECTLY. Rather, use the _ref.xml files found in the 'edits' folder.-->
<c74object name="zsa.mfcc~" module="msp" category="Zsa.descriptors, MSP Analysis">
	<digest>
		Outputs Mel-frequency cepstral coefficients as a list.
	</digest>
	<description>
		<o>zsa.mfcc~</o> Computes Mel-frequency cepstral coefficients from signal. The object works in the spectral domain, so you need to use it whithin <o>pfft~</o>.
	</description>
	<!--METADATA-->
	<metadatalist>
		<metadata name="author">
			Mikhail Malt &amp; Emmanuel Jourdan
		</metadata>
		<metadata name="tag">
			Sound Descriptors, Analysis, Zsa.descriptors
		</metadata>
	</metadatalist>
	<!--INLETS-->
	<inletlist>
		<inlet id="0" type="INLET_TYPE">
			<digest>
				not connected, you might wanna do something about that;-)
			</digest>
			<description>
				TEXT_HERE
			</description>
		</inlet>
		<inlet id="1" type="INLET_TYPE">
			<digest>
				not connected, you might wanna do something about that;-)
			</digest>
			<description>
				TEXT_HERE
			</description>
		</inlet>
	</inletlist>
	<!--OUTLETS-->
	<outletlist>
		<outlet id="0" type="list">
			<digest>
				Mel Coefficients
			</digest>
			<description>
				TEXT_HERE
			</description>
		</outlet>
	</outletlist>
	<!--ARGUMENTS-->
	<objarglist>
		<objarg id="0" name="OBJARG_NAME" type="OBJARG_TYPE" optional="0">
			<digest>
				TEXT_HERE
			</digest>
			<description>
				TEXT_HERE
			</description>
		</objarg>
	</objarglist>
	<!--MESSAGES-->
	<methodlist>
		<method name="(mouse)">
			<digest>
				TEXT_HERE
			</digest>
			<description>
				Double-clicking on the object causes the Zsa Descriptors splash screen to appear. You'll find the version number and date there.
			</description>
		</method>
		<method name="signal">
			<arglist />
			<digest>
				TEXT_HERE
			</digest>
			<description>
				If both signal inlets are connected, left signal inlet expects real values and right inlet expects imaginary values. If the left inlet is the only signal connected input, the signal is interpreted as the energy (you need to calculate it using <o>cartopol~</o> or better <o>zsa.energy~</o>).
			</description>
		</method>
	</methodlist>
	<!--ATTRIBUTES-->
	<attributelist>
		<attribute name="bands" get="1" set="1" type="int" size="1">
			<digest>
				Number of Mel Bands
			</digest>
			<description>
				Number of Mel Bands used (default = 24)
			</description>
			<attributelist>
				<attribute name="label" get="1" set="1" type="symbol" size="1" value="Number of Mel Bands" />
			</attributelist>
		</attribute>
		<attribute name="fbe" get="1" set="1" type="int" size="1">
			<digest>
				Frequency Band Energy
			</digest>
			<description>
				When <m>fbe</m> attribute is set to 1 (default = 0), the first item of the processed list will be positive and represents the energy.
			</description>
			<attributelist>
				<attribute name="label" get="1" set="1" type="symbol" size="1" value="Frequency Band Energy" />
				<attribute name="style" get="1" set="1" type="symbol" size="1" value="onoff" />
			</attributelist>
		</attribute>
	</attributelist>
	<!--EXAMPLE-->
	<examplelist>
		<example caption="" img="" />
	</examplelist>
	<!--SEEALSO-->
	<seealsolist>
		<seealso name="zsa.energy~" />
		<seealso name="zsa.mel~" />
		<seealso name="zsa.dct" />
	</seealsolist>
</c74object>
